{"test_rmse": 67590.29704287258, "r2_score": 0.965887739368527}